"location","date","total_cases","population","death_percentage_over_population"
"Asia","2020-01-22","556","4639847425","1.1983152657223422e-05"
"Asia","2020-01-23","654","4639847425","1.4095291075223233e-05"
"Asia","2020-01-24","937","4639847425","2.0194629568018608e-05"
"Asia","2020-01-25","1428","4639847425","3.07768740908544e-05"
"Asia","2020-01-26","2105","4639847425","4.536787112132249e-05"
"Asia","2020-01-27","2912","4639847425","6.276068442056582e-05"
"Asia","2020-01-28","5558","4639847425","0.00011978842170656076"
"Asia","2020-01-29","6143","4639847425","0.00013239659491604943"
"Asia","2020-01-30","8208","4639847425","0.0001769023687239026"
"Asia","2020-01-31","9889","4639847425","0.0002131320083224504"
"Asia","2020-02-01","11991","4639847425","0.0002584352221452627"
"Asia","2020-02-02","16738","4639847425","0.00036074462082123315"
"Asia","2020-02-03","19827","4639847425","0.0004273200858539006"
"Asia","2020-02-04","23836","4639847425","0.0005137237890963624"
"Asia","2020-02-05","27579","4639847425","0.0005943945452042531"
"Asia","2020-02-06","30737","4639847425","0.0006624571281026552"
"Asia","2020-02-07","34264","4639847425","0.0007384725587178117"
"Asia","2020-02-08","36989","4639847425","0.0007972029381979086"
"Asia","2020-02-09","40013","4639847425","0.0008623774950961885"
"Asia","2020-02-10","42551","4639847425","0.0009170775696358161"
"Asia","2020-02-11","44589","4639847425","0.0009610014277570775"
"Asia","2020-02-12","44966","4639847425","0.0009691266949365258"
"Asia","2020-02-13","60117","4639847425","0.001295667604845864"
"Asia","2020-02-14","66599","4639847425","0.0014353704744935658"
"Asia","2020-02-15","68674","4639847425","0.0014800917726297865"
"Asia","2020-02-16","70787","4639847425","0.0015256320632138028"
"Asia","2020-02-17","72721","4639847425","0.001567314468320044"
"Asia","2020-02-18","74515","4639847425","0.0016059795328291426"
"Asia","2020-02-19","74935","4639847425","0.0016150315546205705"
"Asia","2020-02-20","75480","4639847425","0.0016267776305165897"
"Asia","2020-02-21","76088","4639847425","0.0016398815096813231"
"Asia","2020-02-22","77807","4639847425","0.0016769301417276668"
"Asia","2020-02-23","78030","4639847425","0.0016817363342502582"
"Asia","2020-02-24","78517","4639847425","0.0016922323690417471"
"Asia","2020-02-25","79260","4639847425","0.0017082458266394396"
"Asia","2020-02-26","80059","4639847425","0.001725466220475989"
"Asia","2020-02-27","81151","4639847425","0.0017490014771337013"
"Asia","2020-02-28","82230","4639847425","0.001772256552164536"
"Asia","2020-02-29","83720","4639847425","0.001804369677091268"
"Asia","2020-03-01","85317","4639847425","0.0018387889123315298"
"Asia","2020-03-02","86700","4639847425","0.0018685959269447315"
"Asia","2020-03-03","88568","4639847425","0.0019088558714837481"
"Asia","2020-03-04","89798","4639847425","0.0019353653638729295"
"Asia","2020-03-05","91084","4639847425","0.001963081792500968"
"Asia","2020-03-06","93120","4639847425","0.002006962545756556"
"Asia","2020-03-07","94876","4639847425","0.0020448086178178585"
"Asia","2020-03-08","96078","4639847425","0.0020707146420876114"
"Asia","2020-03-09","96986","4639847425","0.0020902842511033646"
"Asia","2020-03-10","98175","4639847425","0.00211591009374624"
"Asia","2020-03-11","99896","4639847425","0.002153001830658257"
"Asia","2020-03-12","101255","4639847425","0.002182291586883377"
"Asia","2020-03-13","103076","4639847425","0.002221538567079067"
"Asia","2020-03-14","104984","4639847425","0.0022626606089315533"
"Asia","2020-03-15","106927","4639847425","0.0023045369859333253"
"Asia","2020-03-16","108650","4639847425","0.0023416718277110156"
"Asia","2020-03-17","110644","4639847425","0.002384647378787461"
"Asia","2020-03-18","112781","4639847425","0.0024307049277595585"
"Asia","2020-03-19","114921","4639847425","0.0024768271340301668"
"Asia","2020-03-20","117624","4639847425","0.0025350833599878555"
"Asia","2020-03-21","120181","4639847425","0.002590192930751381"
"Asia","2020-03-22","123415","4639847425","0.002659893498545375"
"Asia","2020-03-23","126490","4639847425","0.0027261672295183286"
"Asia","2020-03-24","130109","4639847425","0.0028041654839544646"
"Asia","2020-03-25","135521","4639847425","0.0029208072504668618"
"Asia","2020-03-26","141243","4639847425","0.0030441302711586467"
"Asia","2020-03-27","148354","4639847425","0.0031973896210606536"
"Asia","2020-03-28","155554","4639847425","0.00335256713748513"
"Asia","2020-03-29","162794","4639847425","0.003508606751223075"
"Asia","2020-03-30","170050","4639847425","0.0036649912038864076"
"Asia","2020-03-31","179033","4639847425","0.003858596708058779"
"Asia","2020-04-01","187619","4639847425","0.004043645896394966"
"Asia","2020-04-02","196759","4639847425","0.004240635132522703"
"Asia","2020-04-03","205499","4639847425","0.004429003395515748"
"Asia","2020-04-04","214482","4639847425","0.0046226088996881185"
"Asia","2020-04-05","224399","4639847425","0.004836344376129997"
"Asia","2020-04-06","234394","4639847425","0.005051760942333142"
"Asia","2020-04-07","243961","4639847425","0.0052579530672821635"
"Asia","2020-04-08","253866","4639847425","0.005471429914530002"
"Asia","2020-04-09","264087","4639847425","0.005691717330554248"
"Asia","2020-04-10","275214","4639847425","0.005931531250728574"
"Asia","2020-04-11","287215","4639847425","0.006190181997202203"
"Asia","2020-04-12","298845","4639847425","0.006440836791093405"
"Asia","2020-04-13","310394","4639847425","0.0066897458379248315"
"Asia","2020-04-14","321865","4639847425","0.006936973794994993"
"Asia","2020-04-15","333246","4639847425","0.007182262033109849"
"Asia","2020-04-16","345618","4639847425","0.007448908732165907"
"Asia","2020-04-17","358388","4639847425","0.007724133299490984"
"Asia","2020-04-18","370509","4639847425","0.007985370337905024"
"Asia","2020-04-19","382779","4639847425","0.008249818688811734"
"Asia","2020-04-20","396772","4639847425","0.008551401881496135"
"Asia","2020-04-21","410450","4639847425","0.008846196057836967"
"Asia","2020-04-22","422646","4639847425","0.00910904952871376"
"Asia","2020-04-23","435427","4639847425","0.009384511172800042"
"Asia","2020-04-24","448444","4639847425","0.009665059191035792"
"Asia","2020-04-25","460449","4639847425","0.009923796147240769"
"Asia","2020-04-26","471956","4639847425","0.010171799991893053"
"Asia","2020-04-27","483041","4639847425","0.010410708709888236"
"Asia","2020-04-28","494950","4639847425","0.010667376632540887"
"Asia","2020-04-29","507886","4639847425","0.010946178903716861"
"Asia","2020-04-30","520964","4639847425","0.011228041620355653"
"Asia","2020-05-01","534121","4639847425","0.011511606979188545"
"Asia","2020-05-02","546198","4639847425","0.011771895710557766"
"Asia","2020-05-03","558874","4639847425","0.012045094349196192"
"Asia","2020-05-04","573131","4639847425","0.01235236738414949"
"Asia","2020-05-05","588334","4639847425","0.01268002902056634"
"Asia","2020-05-06","603756","4639847425","0.013012410639774432"
"Asia","2020-05-07","619422","4639847425","0.013350051052594687"
"Asia","2020-05-08","636231","4639847425","0.013712325896147329"
"Asia","2020-05-09","651644","4639847425","0.014044513543459891"
"Asia","2020-05-10","669599","4639847425","0.014431487475043426"
"Asia","2020-05-11","686169","4639847425","0.01478861128714809"
"Asia","2020-05-12","703191","4639847425","0.015155476798894955"
"Asia","2020-05-13","720423","4639847425","0.015526868321537535"
"Asia","2020-05-14","741038","4639847425","0.01597117172446678"
"Asia","2020-05-15","758502","4639847425","0.01634756341152748"
"Asia","2020-05-16","778436","4639847425","0.016777189607694913"
"Asia","2020-05-17","799255","4639847425","0.01722588970692285"
"Asia","2020-05-18","820076","4639847425","0.017674632911016466"
"Asia","2020-05-19","842028","4639847425","0.018147751916648424"
"Asia","2020-05-20","864611","4639847425","0.018634470507400358"
"Asia","2020-05-21","888826","4639847425","0.019156362668541843"
"Asia","2020-05-22","913020","4639847425","0.019677802228593756"
"Asia","2020-05-23","937411","4639847425","0.020203487617914503"
"Asia","2020-05-24","961314","4639847425","0.02071865542001093"
"Asia","2020-05-25","983134","4639847425","0.021188929504508437"
"Asia","2020-05-26","1003323","4639847425","0.021624051571049234"
"Asia","2020-05-27","1027231","4639847425","0.022139327135309844"
"Asia","2020-05-28","1053079","4639847425","0.02269641441927371"
"Asia","2020-05-29","1081897","4639847425","0.023317512428762677"
"Asia","2020-05-30","1109546","4639847425","0.0239134156442655"
"Asia","2020-05-31","1138778","4639847425","0.024543436360948877"
"Asia","2020-06-01","1166742","4639847425","0.025146128592795268"
"Asia","2020-06-02","1197315","4639847425","0.025805051121912698"
"Asia","2020-06-03","1230701","4639847425","0.02652460064459986"
"Asia","2020-06-04","1263012","4639847425","0.02722098130198753"
"Asia","2020-06-05","1295951","4639847425","0.027930896887196674"
"Asia","2020-06-06","1330383","4639847425","0.028672990254631058"
"Asia","2020-06-07","1364969","4639847425","0.029418402696722294"
"Asia","2020-06-08","1396118","4639847425","0.030089739427153685"
"Asia","2020-06-09","1430061","4639847425","0.030821293654930908"
"Asia","2020-06-10","1466581","4639847425","0.03160838850212838"
"Asia","2020-06-11","1504423","4639847425","0.03242397566553602"
"Asia","2020-06-12","1537111","4639847425","0.03312848159010315"
"Asia","2020-06-13","1576027","4639847425","0.03396721606637744"
"Asia","2020-06-14","1620977","4639847425","0.03493599792238858"
"Asia","2020-06-15","1658237","4639847425","0.03573904156988524"
"Asia","2020-06-16","1696773","4639847425","0.036569586121681576"
"Asia","2020-06-17","1737796","4639847425","0.03745373157394287"
"Asia","2020-06-18","1778904","4639847425","0.038339708982995276"
"Asia","2020-06-19","1821764","4639847425","0.039263446254377644"
"Asia","2020-06-20","1863674","4639847425","0.04016670871456511"
"Asia","2020-06-21","1903425","4639847425","0.041023439472258075"
"Asia","2020-06-22","1943973","4639847425","0.04189734751892192"
"Asia","2020-06-23","1986348","4639847425","0.042810631860378465"
"Asia","2020-06-24","2030239","4639847425","0.04375658969001551"
"Asia","2020-06-25","2074505","4639847425","0.04471062968196632"
"Asia","2020-06-26","2120863","4639847425","0.04570975736341158"
"Asia","2020-06-27","2167123","4639847425","0.04670677290643884"
"Asia","2020-06-28","2214093","4639847425","0.04771909067678017"
"Asia","2020-06-29","2258551","4639847425","0.04867726873583564"
"Asia","2020-06-30","2305204","4639847425","0.049682754384967734"
"Asia","2020-07-01","2371987","4639847425","0.05112209050710326"
"Asia","2020-07-02","2422565","4639847425","0.05221216945511953"
"Asia","2020-07-03","2473243","4639847425","0.053304403646419474"
"Asia","2020-07-04","2527017","4639847425","0.054463364169781946"
"Asia","2020-07-05","2583149","4639847425","0.05567314532977343"
"Asia","2020-07-06","2633331","4639847425","0.05675468951438635"
"Asia","2020-07-07","2683438","4639847425","0.05783461726653652"
"Asia","2020-07-08","2737316","4639847425","0.058995819242914"
"Asia","2020-07-09","2795194","4639847425","0.060243230950638424"
"Asia","2020-07-10","2851344","4639847425","0.061453400054420966"
"Asia","2020-07-11","2906749","4639847425","0.06264751259574014"
"Asia","2020-07-12","2961581","4639847425","0.06382927559304388"
"Asia","2020-07-13","3018122","4639847425","0.06504787169806558"
"Asia","2020-07-14","3073006","4639847425","0.06623075542187683"
"Asia","2020-07-15","3133820","4639847425","0.06754144507240989"
"Asia","2020-07-16","3194381","4639847425","0.06884668195743528"
"Asia","2020-07-17","3258468","4639847425","0.07022791272064297"
"Asia","2020-07-18","3332752","4639847425","0.07182891364148682"
"Asia","2020-07-19","3401206","4639847425","0.07330426387889252"
"Asia","2020-07-20","3462557","4639847425","0.07462652718585892"
"Asia","2020-07-21","3528132","4639847425","0.07603982796912767"
"Asia","2020-07-22","3599747","4639847425","0.0775833054467303"
"Asia","2020-07-23","3679586","4639847425","0.07930403013198219"
"Asia","2020-07-24","3754617","4639847425","0.08092113072015508"
"Asia","2020-07-25","3828958","4639847425","0.08252336012967064"
"Asia","2020-07-26","3901827","4639847425","0.08409386435805052"
"Asia","2020-07-27","3971064","4639847425","0.08558609015036739"
"Asia","2020-07-28","4049031","4639847425","0.08726646868134894"
"Asia","2020-07-29","4126946","4639847425","0.08894572648582297"
"Asia","2020-07-30","4208306","4639847425","0.09069923242141954"
"Asia","2020-07-31","4296518","4639847425","0.09260041562681343"
"Asia","2020-08-01","4373956","4639847425","0.09426939292082433"
"Asia","2020-08-02","4455690","4639847425","0.09603095946630184"
"Asia","2020-08-03","4530926","4639847425","0.09765247830320628"
"Asia","2020-08-04","4610248","4639847425","0.0993620603806816"
"Asia","2020-08-05","4696002","4639847425","0.10121026770616276"
"Asia","2020-08-06","4786745","4639847425","0.1031660001190664"
"Asia","2020-08-07","4877477","4639847425","0.10512149545520887"
"Asia","2020-08-08","4968470","4639847425","0.10708261597632167"
"Asia","2020-08-09","5055071","4639847425","0.10894907821241559"
"Asia","2020-08-10","5136490","4639847425","0.1107038557415495"
"Asia","2020-08-11","5222202","4639847425","0.11255115786485156"
"Asia","2020-08-12","5317620","4639847425","0.11460764790126692"
"Asia","2020-08-13","5410128","4639847425","0.1166014203581274"
"Asia","2020-08-14","5504941","4639847425","0.11864487117267655"
"Asia","2020-08-15","5596280","4639847425","0.12061344883555088"
"Asia","2020-08-16","5680047","4639847425","0.12241883147698547"
"Asia","2020-08-17","5757967","4639847425","0.1240981970436237"
"Asia","2020-08-18","5851042","4639847425","0.1261041897299026"
"Asia","2020-08-19","5949467","4639847425","0.12822548793185803"
"Asia","2020-08-20","6046387","4639847425","0.13031434972239417"
"Asia","2020-08-21","6143563","4639847425","0.1324087289357365"
"Asia","2020-08-22","6238674","4639847425","0.134458602375271"
"Asia","2020-08-23","6322721","4639847425","0.13627001969789987"
"Asia","2020-08-24","6409014","4639847425","0.13812984378468005"
"Asia","2020-08-25","6491080","4639847425","0.13989856573785936"
"Asia","2020-08-26","6604055","4639847425","0.14233345183758925"
"Asia","2020-08-27","6707647","4639847425","0.14456611146001205"
"Asia","2020-08-28","6811550","4639847425","0.14680547388904713"
"Asia","2020-08-29","6916227","4639847425","0.14906151790109778"
"Asia","2020-08-30","7019675","4639847425","0.15129107397319214"
"Asia","2020-08-31","7113877","4639847425","0.15332135625127805"
"Asia","2020-09-01","7217705","4639847425","0.15555910224785033"
"Asia","2020-09-02","7328153","4639847425","0.1579395253498018"
"Asia","2020-09-03","7439687","4639847425","0.16034335439381395"
"Asia","2020-09-04","7554997","4639847425","0.1628285654242176"
"Asia","2020-09-05","7670183","4639847425","0.16531110395294948"
"Asia","2020-09-06","7787188","4639847425","0.1678328463570114"
"Asia","2020-09-07","7888296","4639847425","0.17001196973626778"
"Asia","2020-09-08","8006763","4639847425","0.172565221797137"
"Asia","2020-09-09","8132397","4639847425","0.1752729401441471"
"Asia","2020-09-10","8260297","4639847425","0.17802949630396522"
"Asia","2020-09-11","8389357","4639847425","0.18081105328587393"
"Asia","2020-09-12","8513673","4639847425","0.1834903655264052"
"Asia","2020-09-13","8634554","4639847425","0.18609564516014232"
"Asia","2020-09-14","8750387","4639847425","0.18859212811291956"
"Asia","2020-09-15","8872764","4639847425","0.19122965018618043"
"Asia","2020-09-16","9003896","4639847425","0.19405586380892687"
"Asia","2020-09-17","9133487","4639847425","0.1968488651326719"
"Asia","2020-09-18","9260112","4639847425","0.1995779419406232"
"Asia","2020-09-19","9383927","4639847425","0.20224645641230324"
"Asia","2020-09-20","9501349","4639847425","0.2047771861808581"
"Asia","2020-09-21","9607296","4639847425","0.20706060178261143"
"Asia","2020-09-22","9724990","4639847425","0.20959719381289785"
"Asia","2020-09-23","9848838","4639847425","0.21226641951486153"
"Asia","2020-09-24","9972464","4639847425","0.21493086057673547"
"Asia","2020-09-25","10094975","4639847425","0.2175712706759964"
"Asia","2020-09-26","10216931","4639847425","0.22019971917503298"
"Asia","2020-09-27","10330314","4639847425","0.2226433986673603"
"Asia","2020-09-28","10428832","4639847425","0.2247667012455695"
"Asia","2020-09-29","10542963","4639847425","0.22722650195765867"
"Asia","2020-09-30","10668654","4639847425","0.22993544879334046"
"Asia","2020-10-01","10788124","4639847425","0.2325103179443449"
"Asia","2020-10-02","10905127","4639847425","0.23503201724354114"
"Asia","2020-10-03","11012665","4639847425","0.23734972276593772"
"Asia","2020-10-04","11120812","4639847425","0.23968055371993185"
"Asia","2020-10-05","11218148","4639847425","0.24177838132252807"
"Asia","2020-10-06","11326772","4639847425","0.24411949278698533"
"Asia","2020-10-07","11443561","4639847425","0.2466365798655545"
"Asia","2020-10-08","11552422","4639847425","0.24898279925659408"
"Asia","2020-10-09","11659576","4639847425","0.25129222864478135"
"Asia","2020-10-10","11767671","4639847425","0.25362193887226797"
"Asia","2020-10-11","11866548","4639847425","0.2557529787738656"
"Asia","2020-10-12","11956970","4639847425","0.25770179285582867"
"Asia","2020-10-13","12056751","4639847425","0.2598523161567107"
"Asia","2020-10-14","12161535","4639847425","0.2621106662790749"
"Asia","2020-10-15","12263375","4639847425","0.26430556603916777"
"Asia","2020-10-16","12364045","4639847425","0.2664752494528416"
"Asia","2020-10-17","12460581","4639847425","0.26855583510916853"
"Asia","2020-10-18","12551918","4639847425","0.27052436966717713"
"Asia","2020-10-19","12634255","4639847425","0.27229893232965524"
"Asia","2020-10-20","12725049","4639847425","0.27425576391663353"
"Asia","2020-10-21","12823494","4639847425","0.2763774931672457"
"Asia","2020-10-22","12920629","4639847425","0.2784709887308417"
"Asia","2020-10-23","13018153","4639847425","0.28057286819081123"
"Asia","2020-10-24","13106871","4639847425","0.28248495692722053"
"Asia","2020-10-25","13191996","4639847425","0.2843196077724474"
"Asia","2020-10-26","13264641","4639847425","0.28588528425587184"
"Asia","2020-10-27","13349414","4639847425","0.2877123486447402"
"Asia","2020-10-28","13442588","4639847425","0.2897204750218699"
"Asia","2020-10-29","13535791","4639847425","0.29172922641955196"
"Asia","2020-10-30","13627793","4639847425","0.293712093345397"
"Asia","2020-10-31","13714627","4639847425","0.29558357729834184"
"Asia","2020-11-01","13802128","4639847425","0.29746943672398884"
"Asia","2020-11-02","13885290","4639847425","0.2992617801435572"
"Asia","2020-11-03","13978280","4639847425","0.301265940873045"
"Asia","2020-11-04","14075510","4639847425","0.3033614839177605"
"Asia","2020-11-05","14172042","4639847425","0.305441983364356"
"Asia","2020-11-06","14273605","4639847425","0.30763091310055307"
"Asia","2020-11-07","14367339","4639847425","0.3096511088400714"
"Asia","2020-11-08","14462146","4639847425","0.3116944303400235"
"Asia","2020-11-09","14547743","4639847425","0.3135392539335493"
"Asia","2020-11-10","14643208","4639847425","0.31559675693430805"
"Asia","2020-11-11","14744105","4639847425","0.31777133275023584"
"Asia","2020-11-12","14843265","4639847425","0.3199084719903263"
"Asia","2020-11-13","14942740","4639847425","0.3220524002467603"
"Asia","2020-11-14","15036813","4639847425","0.32407990226101024"
"Asia","2020-11-15","15118723","4639847425","0.325845262034667"
"Asia","2020-11-16","15199438","4639847425","0.32758486665108394"
"Asia","2020-11-17","15293741","4639847425","0.32961732572488633"
"Asia","2020-11-18","15400530","4639847425","0.33191888847508816"
"Asia","2020-11-19","15507529","4639847425","0.33422497723618577"
"Asia","2020-11-20","15615974","4639847425","0.33656223081516523"
"Asia","2020-11-21","15719591","4639847425","0.338795429248409"
"Asia","2020-11-22","15824589","4639847425","0.3410583915914002"
"Asia","2020-11-23","15921446","4639847425","0.34314589557866765"
"Asia","2020-11-24","16028724","4639847425","0.3454579974685267"
"Asia","2020-11-25","16138369","4639847425","0.34782111396691023"
"Asia","2020-11-26","16276810","4639847425","0.35080485432126035"
"Asia","2020-11-27","16422866","4639847425","0.3539527164516622"
"Asia","2020-11-28","16550444","4639847425","0.35670233272810686"
"Asia","2020-11-29","16675866","4639847425","0.3594054819593556"
"Asia","2020-11-30","16791288","4639847425","0.36189310686223697"
"Asia","2020-12-01","16914109","4639847425","0.36454019821567735"
"Asia","2020-12-02","17041300","4639847425","0.3672814737006142"
"Asia","2020-12-03","17172492","4639847425","0.37010898046933083"
"Asia","2020-12-04","17298744","4639847425","0.372830018219834"
"Asia","2020-12-05","17422193","4639847425","0.3754906445010958"
"Asia","2020-12-06","17541832","4639847425","0.37806915601324975"
"Asia","2020-12-07","17650202","4639847425","0.38040479315976644"
"Asia","2020-12-08","17768584","4639847425","0.38295621326384455"
"Asia","2020-12-09","17886799","4639847425","0.3855040341116389"
"Asia","2020-12-10","18795343","4639847425","0.4050853676508555"
"Asia","2020-12-11","18909807","4639847425","0.40755234532307927"
"Asia","2020-12-12","19019727","4639847425","0.4099213887404929"
"Asia","2020-12-13","19119184","4639847425","0.4120649290531358"
"Asia","2020-12-14","19213485","4639847425","0.4140973450220725"
"Asia","2020-12-15","19321020","4639847425","0.41641498588717063"
"Asia","2020-12-16","19427655","4639847425","0.4187132295627156"
"Asia","2020-12-17","19529524","4639847425","0.4209087543433607"
"Asia","2020-12-18","19629928","4639847425","0.42307270480990006"
"Asia","2020-12-19","19725995","4639847425","0.4251431823752265"
"Asia","2020-12-20","19813303","4639847425","0.42702488218133594"
"Asia","2020-12-21","19892811","4639847425","0.42873847301131884"
"Asia","2020-12-22","19982296","4639847425","0.430667092463714"
"Asia","2020-12-23","20072388","4639847425","0.4326087942428409"
"Asia","2020-12-24","20161058","4639847425","0.43451984846247393"
"Asia","2020-12-25","20247038","4639847425","0.4363729266377762"
"Asia","2020-12-26","20322833","4639847425","0.43800649328463637"
"Asia","2020-12-27","20394455","4639847425","0.43955012162926893"
"Asia","2020-12-28","20464476","4639847425","0.44105924452892975"
"Asia","2020-12-29","20546217","4639847425","0.4428209619414371"
"Asia","2020-12-30","20629762","4639847425","0.44462155994278196"
"Asia","2020-12-31","20695037","4639847425","0.4460283949961997"
"Asia","2021-01-01","20771126","4639847425","0.4476682980583138"
"Asia","2021-01-02","20860993","4639847425","0.4496051505400525"
"Asia","2021-01-03","20930526","4639847425","0.451103755852489"
"Asia","2021-01-04","21003980","4639847425","0.45268686825407844"
"Asia","2021-01-05","21086462","4639847425","0.45446455601931784"
"Asia","2021-01-06","21173939","4639847425","0.4563498981865767"
"Asia","2021-01-07","21261559","4639847425","0.45823832235173123"
"Asia","2021-01-08","21328990","4639847425","0.4596916244503449"
"Asia","2021-01-09","21433951","4639847425","0.46195378935332126"
"Asia","2021-01-10","21510429","4639847425","0.4636020763118089"
"Asia","2021-01-11","21584805","4639847425","0.4652050600564737"
"Asia","2021-01-12","21666786","4639847425","0.46697195005286196"
"Asia","2021-01-13","21753727","4639847425","0.46884574011612035"
"Asia","2021-01-14","21840283","4639847425","0.47071123249273655"
"Asia","2021-01-15","21922871","4639847425","0.4724912048158566"
"Asia","2021-01-16","22008604","4639847425","0.47433895954024824"
"Asia","2021-01-17","22083784","4639847425","0.47595927144091377"
"Asia","2021-01-18","22148336","4639847425","0.47735052408539064"
"Asia","2021-01-19","22223088","4639847425","0.478961611544802"
"Asia","2021-01-20","22304822","4639847425","0.4807231780902796"
"Asia","2021-01-21","22381161","4639847425","0.4823684692606029"
"Asia","2021-01-22","22456819","4639847425","0.4839990832241644"
"Asia","2021-01-23","22529999","4639847425","0.48557629025915655"
"Asia","2021-01-24","22596903","4639847425","0.4870182342256653"
"Asia","2021-01-25","22656618","4639847425","0.48830523775251083"
"Asia","2021-01-26","22731833","4639847425","0.48992630398832565"
"Asia","2021-01-27","22811809","4639847425","0.4916499813568762"
"Asia","2021-01-28","22894721","4639847425","0.4934369366682354"
"Asia","2021-01-29","22971518","4639847425","0.4950920988527979"
"Asia","2021-01-30","23045792","4639847425","0.4966928842493134"
"Asia","2021-01-31","23113281","4639847425","0.4981474363890317"
"Asia","2021-02-01","23179148","4639847425","0.49956703048268875"
"Asia","2021-02-02","23248435","4639847425","0.5010603338966474"
"Asia","2021-02-03","23324785","4639847425","0.502705862143732"
"Asia","2021-02-04","23397642","4639847425","0.5042761077429179"
"Asia","2021-02-05","23466403","4639847425","0.5057580745772045"
"Asia","2021-02-06","23536103","4639847425","0.5072602791459246"
"Asia","2021-02-07","23602159","4639847425","0.5086839466493879"
"Asia","2021-02-08","23661587","4639847425","0.5099647646280092"
"Asia","2021-02-09","23729592","4639847425","0.5114304378230713"
"Asia","2021-02-10","23800645","4639847425","0.5129618028334196"
"Asia","2021-02-11","23865633","4639847425","0.5143624523386132"
"Asia","2021-02-12","23932428","4639847425","0.5158020470899428"
"Asia","2021-02-13","23995483","4639847425","0.517161035742463"
"Asia","2021-02-14","24054158","4639847425","0.5184256247391583"
"Asia","2021-02-15","24113526","4639847425","0.5197051495718095"
"Asia","2021-02-16","24182275","4639847425","0.521186857776902"
"Asia","2021-02-17","24251765","4639847425","0.5226845363347266"
"Asia","2021-02-18","24318484","4639847425","0.5241224931011605"
"Asia","2021-02-19","24385712","4639847425","0.5255714200559084"
"Asia","2021-02-20","24448415","4639847425","0.5269228222520701"
"Asia","2021-02-21","24515896","4639847425","0.5283772019723256"
"Asia","2021-02-22","24583145","4639847425","0.5298265815281631"
"Asia","2021-02-23","24656847","4639847425","0.5314150389330959"
"Asia","2021-02-24","24733274","4639847425","0.5330622267175089"
"Asia","2021-02-25","24809257","4639847425","0.5346998452217424"
"Asia","2021-02-26","24884160","4639847425","0.5363141870985122"
"Asia","2021-02-27","24954194","4639847425","0.5378235901798"
"Asia","2021-02-28","25022183","4639847425","0.5392889185359365"
"Asia","2021-03-01","25091191","4639847425","0.5407762088211339"
"Asia","2021-03-02","25167741","4639847425","0.5424260475547857"
"Asia","2021-03-03","25248453","4639847425","0.5441655875139041"
"Asia","2021-03-04","25329534","4639847425","0.5459130803207393"
"Asia","2021-03-05","25410577","4639847425","0.5476597541351266"
"Asia","2021-03-06","25487404","4639847425","0.5493155628926741"
"Asia","2021-03-07","25565522","4639847425","0.5509991958410141"
"Asia","2021-03-08","25644808","4639847425","0.5527080020309073"
"Asia","2021-03-09","25728012","4639847425","0.5545012506526549"
"Asia","2021-03-10","25817741","4639847425","0.556435128898662"
"Asia","2021-03-11","25909592","4639847425","0.5584147414071488"
"Asia","2021-03-12","26003403","4639847425","0.5604365966839955"
"Asia","2021-03-13","26092023","4639847425","0.5623465732819868"
"Asia","2021-03-14","26182722","4639847425","0.5643013573878456"
"Asia","2021-03-15","26276520","4639847425","0.5663229324830654"
"Asia","2021-03-16","26378777","4639847425","0.5685268196076512"
"Asia","2021-03-17","26494257","4639847425","0.5710156945516371"
"Asia","2021-03-18","26614482","4639847425","0.5736068357894334"
"Asia","2021-03-19","26736141","4639847425","0.5762288832159174"
"Asia","2021-03-20","26855823","4639847425","0.5788083214826832"
"Asia","2021-03-21","26981166","4639847425","0.5815097680717378"
"Asia","2021-03-22","27101803","4639847425","0.5841097889118627"
"Asia","2021-03-23","27236087","4639847425","0.5870039358029105"
"Asia","2021-03-24","27382751","4639847425","0.5901649018124772"
"Asia","2021-03-25","27537750","4639847425","0.593505507349738"
"Asia","2021-03-26","27694135","4639847425","0.5968759845589103"
"Asia","2021-03-27","27846738","4639847425","0.6001649504670943"
"Asia","2021-03-28","28009738","4639847425","0.6036779970194818"
"Asia","2021-03-29","28162561","4639847425","0.6069717044628897"
"Asia","2021-03-30","28323783","4639847425","0.6104464307896935"
"Asia","2021-03-31","28507133","4639847425","0.6143980693503084"
"Asia","2021-04-01","28705267","4639847425","0.6186683390779817"
"Asia","2021-04-02","28915689","4639847425","0.6232034451003526"
"Asia","2021-04-03","29124406","4639847425","0.627701804224737"
"Asia","2021-04-04","29349014","4639847425","0.6325426530593299"
"Asia","2021-04-05","29558608","4639847425","0.637059913667312"
"Asia","2021-04-06","29804168","4639847425","0.6423523290747002"
"Asia","2021-04-07","30072669","4639847425","0.6481391788437957"
"Asia","2021-04-08","30353144","4639847425","0.6541840974436783"
"Asia","2021-04-09","30646312","4639847425","0.6605025810735576"
"Asia","2021-04-10","30935131","4639847425","0.6667273331730299"
"Asia","2021-04-11","31240946","4639847425","0.6733183904209954"
"Asia","2021-04-12","31544092","4639847425","0.6798519242257195"
"Asia","2021-04-13","31876886","4639847425","0.6870244445591872"
"Asia","2021-04-14","32233739","4639847425","0.6947154948742738"
"Asia","2021-04-15","32605347","4639847425","0.7027245513358664"
"Asia","2021-04-16","32994049","4639847425","0.71110202508437"
"Asia","2021-04-17","33403831","4639847425","0.7199338241170721"
"Asia","2021-04-18","33818604","4639847425","0.7288731913420623"
"Asia","2021-04-19","34218377","4639847425","0.7374892720745015"
"Asia","2021-04-20","34666957","4639847425","0.7471572623964031"
"Asia","2021-04-21","35138536","4639847425","0.7573209371211167"
"Asia","2021-04-22","35621281","4639847425","0.7677252663108852"
"Asia","2021-04-23","36102612","4639847425","0.7780991203606227"
"Asia","2021-04-24","36576350","4639847425","0.7883093267878307"
"Asia","2021-04-25","37055035","4639847425","0.7986261531002822"
"Asia","2021-04-26","37496027","4639847425","0.8081306035618188"
"Asia","2021-04-27","37986034","4639847425","0.8186914465188476"
"Asia","2021-04-28","38492711","4639847425","0.8296115685312648"
"Asia","2021-04-29","39007933","4639847425","0.840715856082272"
"Asia","2021-04-30","39526308","4639847425","0.8518880984540133"
